{
  "retrieval": {
    "ColPali (stage-1)": {
      "Recall@1": 0.41935483870967744,
      "Recall_all@1": 0.41935483870967744,
      "P@1": 0.41935483870967744,
      "MAP@1": 0.41935483870967744,
      "Recall@5": 0.7096774193548387,
      "Recall_all@5": 0.7096774193548387,
      "P@5": 0.14193548387096758,
      "MAP@5": 0.5184587813620073,
      "Recall@10": 1.0,
      "Recall_all@10": 1.0,
      "P@10": 0.09999999999999981,
      "MAP@10": 0.5558115719406046,
      "MRR@10": 0.5558115719406046,
      "nDCG@10": 0.6579356999763837
    },
    "ColPali + MLP reranker": {
      "Recall@1": 0.3978494623655914,
      "Recall_all@1": 0.3978494623655914,
      "P@1": 0.3978494623655914,
      "MAP@1": 0.3978494623655914,
      "Recall@5": 0.8494623655913979,
      "Recall_all@5": 0.8494623655913979,
      "P@5": 0.16989247311827932,
      "MAP@5": 0.5745519713261651,
      "Recall@10": 1.0,
      "Recall_all@10": 1.0,
      "P@10": 0.09999999999999981,
      "MAP@10": 0.5922597712920298,
      "MRR@10": 0.5922597712920298,
      "nDCG@10": 0.6899619415394048
    },
    "X-PageRerank (ablation: no graph)": {
      "Recall@1": 0.6129032258064516,
      "Recall_all@1": 0.6129032258064516,
      "P@1": 0.6129032258064516,
      "MAP@1": 0.6129032258064516,
      "Recall@5": 0.956989247311828,
      "Recall_all@5": 0.956989247311828,
      "P@5": 0.19139784946236527,
      "MAP@5": 0.7548387096774195,
      "Recall@10": 1.0,
      "Recall_all@10": 1.0,
      "P@10": 0.09999999999999981,
      "MAP@10": 0.7612391193036355,
      "MRR@10": 0.7612391193036355,
      "nDCG@10": 0.8208380220589877
    },
    "X-PageRerank (GAT)": {
      "Recall@1": 0.6236559139784946,
      "Recall_all@1": 0.6236559139784946,
      "P@1": 0.6236559139784946,
      "MAP@1": 0.6236559139784946,
      "Recall@5": 0.956989247311828,
      "Recall_all@5": 0.956989247311828,
      "P@5": 0.19139784946236527,
      "MAP@5": 0.7503584229390684,
      "Recall@10": 1.0,
      "Recall_all@10": 1.0,
      "P@10": 0.09999999999999981,
      "MAP@10": 0.7563108038914492,
      "MRR@10": 0.7563108038914492,
      "nDCG@10": 0.8165008026615749
    }
  },
  "support_pages": {
    "ColPali (stage-1)": {
      "Coverage@1": 0.41935483870967744,
      "AllSupportHit@1": NaN,
      "SupportF1@1": 0.41935483870967744,
      "SupportP@1": 0.41935483870967744,
      "SupportR@1": 0.41935483870967744,
      "Coverage@5": 0.7096774193548387,
      "AllSupportHit@5": NaN,
      "SupportF1@5": 0.4372759856630826,
      "SupportP@5": 0.3673835125448029,
      "SupportR@5": 0.7096774193548387,
      "Coverage@10": 1.0,
      "AllSupportHit@10": NaN,
      "SupportF1@10": 0.46216310571149266,
      "SupportP@10": 0.3775388291517327,
      "SupportR@10": 1.0
    },
    "ColPali + MLP reranker": {
      "Coverage@1": 0.3978494623655914,
      "AllSupportHit@1": NaN,
      "SupportF1@1": 0.3978494623655914,
      "SupportP@1": 0.3978494623655914,
      "SupportR@1": 0.3978494623655914,
      "Coverage@5": 0.8494623655913979,
      "AllSupportHit@5": NaN,
      "SupportF1@5": 0.4838709677419359,
      "SupportP@5": 0.3953405017921146,
      "SupportR@5": 0.8494623655913979,
      "Coverage@10": 1.0,
      "AllSupportHit@10": NaN,
      "SupportF1@10": 0.46216310571149266,
      "SupportP@10": 0.3775388291517327,
      "SupportR@10": 1.0
    },
    "X-PageRerank (ablation: no graph)": {
      "Coverage@1": 0.6129032258064516,
      "AllSupportHit@1": NaN,
      "SupportF1@1": 0.6129032258064516,
      "SupportP@1": 0.6129032258064516,
      "SupportR@1": 0.6129032258064516,
      "Coverage@5": 0.956989247311828,
      "AllSupportHit@5": NaN,
      "SupportF1@5": 0.5197132616487462,
      "SupportP@5": 0.4168458781362007,
      "SupportR@5": 0.956989247311828,
      "Coverage@10": 1.0,
      "AllSupportHit@10": NaN,
      "SupportF1@10": 0.46216310571149266,
      "SupportP@10": 0.3775388291517327,
      "SupportR@10": 1.0
    },
    "X-PageRerank (GAT)": {
      "Coverage@1": 0.6236559139784946,
      "AllSupportHit@1": NaN,
      "SupportF1@1": 0.6236559139784946,
      "SupportP@1": 0.6236559139784946,
      "SupportR@1": 0.6236559139784946,
      "Coverage@5": 0.956989247311828,
      "AllSupportHit@5": NaN,
      "SupportF1@5": 0.5197132616487461,
      "SupportP@5": 0.4168458781362007,
      "SupportR@5": 0.956989247311828,
      "Coverage@10": 1.0,
      "AllSupportHit@10": NaN,
      "SupportF1@10": 0.46216310571149266,
      "SupportP@10": 0.3775388291517327,
      "SupportR@10": 1.0
    }
  }
}