{
  "n_runs": 5,
  "seeds": [
    -1,
    -1,
    -1,
    -1,
    -1
  ],
  "result_paths": [
    "multi_seed_runs/mpdoc_val_disjoint/seed_42/eval_region/phase1_results.json",
    "multi_seed_runs/mpdoc_val_disjoint/seed_43/eval_region/phase1_results.json",
    "multi_seed_runs/mpdoc_val_disjoint/seed_44/eval_region/phase1_results.json",
    "multi_seed_runs/mpdoc_val_disjoint/seed_45/eval_region/phase1_results.json",
    "multi_seed_runs/mpdoc_val_disjoint/seed_46/eval_region/phase1_results.json"
  ],
  "by_metric": {
    "retrieval": {
      "ColPali (stage-1)": {
        "MAP@1": {
          "mean": 0.5462401006431803,
          "std": 0.02550598058230162,
          "min": 0.5133136094674556,
          "max": 0.5827338129496403,
          "n": 5.0
        },
        "MAP@10": {
          "mean": 0.6937291702025701,
          "std": 0.01979287320848285,
          "min": 0.6659499154691463,
          "max": 0.7174431883064977,
          "n": 5.0
        },
        "MAP@5": {
          "mean": 0.6783543193631132,
          "std": 0.02299973912867305,
          "min": 0.6470660749506904,
          "max": 0.7056354916067147,
          "n": 5.0
        },
        "MRR@10": {
          "mean": 0.6937291702025699,
          "std": 0.01979287320848262,
          "min": 0.6659499154691461,
          "max": 0.7174431883064971,
          "n": 5.0
        },
        "P@1": {
          "mean": 0.5462401006431803,
          "std": 0.02550598058230162,
          "min": 0.5133136094674556,
          "max": 0.5827338129496403,
          "n": 5.0
        },
        "P@10": {
          "mean": 0.10000000000000031,
          "std": 3.8451741420982234e-16,
          "min": 0.09999999999999977,
          "max": 0.10000000000000064,
          "n": 5.0
        },
        "P@5": {
          "mean": 0.17696369189408628,
          "std": 0.004903972112179061,
          "min": 0.17248520710059337,
          "max": 0.18244604316546945,
          "n": 5.0
        },
        "Recall@1": {
          "mean": 0.5462401006431803,
          "std": 0.02550598058230162,
          "min": 0.5133136094674556,
          "max": 0.5827338129496403,
          "n": 5.0
        },
        "Recall@10": {
          "mean": 1.0,
          "std": 0.0,
          "min": 1.0,
          "max": 1.0,
          "n": 5.0
        },
        "Recall@5": {
          "mean": 0.8848184594704234,
          "std": 0.02451986056089454,
          "min": 0.8624260355029586,
          "max": 0.9122302158273381,
          "n": 5.0
        },
        "Recall_all@1": {
          "mean": 0.5462401006431803,
          "std": 0.02550598058230162,
          "min": 0.5133136094674556,
          "max": 0.5827338129496403,
          "n": 5.0
        },
        "Recall_all@10": {
          "mean": 1.0,
          "std": 0.0,
          "min": 1.0,
          "max": 1.0,
          "n": 5.0
        },
        "Recall_all@5": {
          "mean": 0.8848184594704234,
          "std": 0.02451986056089454,
          "min": 0.8624260355029586,
          "max": 0.9122302158273381,
          "n": 5.0
        },
        "nDCG@10": {
          "mean": 0.7673490098568929,
          "std": 0.015348878479188881,
          "min": 0.7458868376802587,
          "max": 0.7855777884598877,
          "n": 5.0
        }
      },
      "ColPali + MLP reranker": {
        "MAP@1": {
          "mean": 0.5382762561471094,
          "std": 0.03141840242024281,
          "min": 0.4896449704142012,
          "max": 0.5625899280575539,
          "n": 5.0
        },
        "MAP@10": {
          "mean": 0.6958642429193966,
          "std": 0.027797177456182546,
          "min": 0.653186343570959,
          "max": 0.7154937916026626,
          "n": 5.0
        },
        "MAP@5": {
          "mean": 0.6816220116257867,
          "std": 0.031821578949040065,
          "min": 0.6340729783037475,
          "max": 0.7046282973621103,
          "n": 5.0
        },
        "MRR@10": {
          "mean": 0.6958642429193964,
          "std": 0.02779717745618214,
          "min": 0.6531863435709594,
          "max": 0.7154937916026625,
          "n": 5.0
        },
        "P@1": {
          "mean": 0.5382762561471094,
          "std": 0.03141840242024281,
          "min": 0.4896449704142012,
          "max": 0.5625899280575539,
          "n": 5.0
        },
        "P@10": {
          "mean": 0.10000000000000031,
          "std": 3.8451741420982234e-16,
          "min": 0.09999999999999977,
          "max": 0.10000000000000064,
          "n": 5.0
        },
        "P@5": {
          "mean": 0.17951411381491558,
          "std": 0.006192691695264652,
          "min": 0.171893491124262,
          "max": 0.1858992805755413,
          "n": 5.0
        },
        "Recall@1": {
          "mean": 0.5382762561471094,
          "std": 0.03141840242024281,
          "min": 0.4896449704142012,
          "max": 0.5625899280575539,
          "n": 5.0
        },
        "Recall@10": {
          "mean": 1.0,
          "std": 0.0,
          "min": 1.0,
          "max": 1.0,
          "n": 5.0
        },
        "Recall@5": {
          "mean": 0.8975705690745706,
          "std": 0.03096345847632252,
          "min": 0.8594674556213018,
          "max": 0.9294964028776979,
          "n": 5.0
        },
        "Recall_all@1": {
          "mean": 0.5382762561471094,
          "std": 0.03141840242024281,
          "min": 0.4896449704142012,
          "max": 0.5625899280575539,
          "n": 5.0
        },
        "Recall_all@10": {
          "mean": 1.0,
          "std": 0.0,
          "min": 1.0,
          "max": 1.0,
          "n": 5.0
        },
        "Recall_all@5": {
          "mean": 0.8975705690745706,
          "std": 0.03096345847632252,
          "min": 0.8594674556213018,
          "max": 0.9294964028776979,
          "n": 5.0
        },
        "nDCG@10": {
          "mean": 0.7695973843734425,
          "std": 0.02170443999179784,
          "min": 0.736312355434875,
          "max": 0.7849926423196057,
          "n": 5.0
        }
      },
      "EvidenceGraph-RAG (page+region)": {
        "MAP@1": {
          "mean": 0.5953250426238066,
          "std": 0.04199362689641147,
          "min": 0.5458579881656804,
          "max": 0.6517985611510791,
          "n": 5.0
        },
        "MAP@10": {
          "mean": 0.7416098500516524,
          "std": 0.026668461634980888,
          "min": 0.7055631868131869,
          "max": 0.7714656845951811,
          "n": 5.0
        },
        "MAP@5": {
          "mean": 0.7321317135503296,
          "std": 0.027815862786847972,
          "min": 0.6944773175542406,
          "max": 0.7623741007194245,
          "n": 5.0
        },
        "MRR@10": {
          "mean": 0.7416098500516519,
          "std": 0.026668461634981263,
          "min": 0.7055631868131859,
          "max": 0.771465684595181,
          "n": 5.0
        },
        "P@1": {
          "mean": 0.5953250426238066,
          "std": 0.04199362689641147,
          "min": 0.5458579881656804,
          "max": 0.6517985611510791,
          "n": 5.0
        },
        "P@10": {
          "mean": 0.10000000000000031,
          "std": 3.8451741420982234e-16,
          "min": 0.09999999999999977,
          "max": 0.10000000000000064,
          "n": 5.0
        },
        "P@5": {
          "mean": 0.1864426491918047,
          "std": 0.0018372631651582534,
          "min": 0.18431952662722076,
          "max": 0.18849557522124083,
          "n": 5.0
        },
        "Recall@1": {
          "mean": 0.5953250426238066,
          "std": 0.04199362689641147,
          "min": 0.5458579881656804,
          "max": 0.6517985611510791,
          "n": 5.0
        },
        "Recall@10": {
          "mean": 1.0,
          "std": 0.0,
          "min": 1.0,
          "max": 1.0,
          "n": 5.0
        },
        "Recall@5": {
          "mean": 0.932213245959017,
          "std": 0.009186315825790388,
          "min": 0.9215976331360947,
          "max": 0.9424778761061947,