{
  "retrieval": {
    "ColPali (stage-1)": {
      "Recall@1": 0.1891891891891892,
      "Recall_all@1": 0.1891891891891892,
      "P@1": 0.1891891891891892,
      "MAP@1": 0.1891891891891892,
      "Recall@5": 0.6486486486486487,
      "Recall_all@5": 0.6486486486486487,
      "P@5": 0.12972972972972976,
      "MAP@5": 0.3418918918918919,
      "Recall@10": 1.0,
      "Recall_all@10": 1.0,
      "P@10": 0.10000000000000005,
      "MAP@10": 0.3869262119262119,
      "MRR@10": 0.3869262119262119,
      "nDCG@10": 0.529320004185244
    },
    "ColPali + MLP reranker": {
      "Recall@1": 0.1891891891891892,
      "Recall_all@1": 0.1891891891891892,
      "P@1": 0.1891891891891892,
      "MAP@1": 0.1891891891891892,
      "Recall@5": 0.8918918918918919,
      "Recall_all@5": 0.8918918918918919,
      "P@5": 0.17837837837837847,
      "MAP@5": 0.46486486486486484,
      "Recall@10": 1.0,
      "Recall_all@10": 1.0,
      "P@10": 0.10000000000000005,
      "MAP@10": 0.47815315315315315,
      "MRR@10": 0.47815315315315327,
      "nDCG@10": 0.6064387818701862
    },
    "X-PageRerank (ablation: no graph)": {
      "Recall@1": 0.5405405405405406,
      "Recall_all@1": 0.5405405405405406,
      "P@1": 0.5405405405405406,
      "MAP@1": 0.5405405405405406,
      "Recall@5": 0.8918918918918919,
      "Recall_all@5": 0.8918918918918919,
      "P@5": 0.17837837837837847,
      "MAP@5": 0.6621621621621622,
      "Recall@10": 1.0,
      "Recall_all@10": 1.0,
      "P@10": 0.10000000000000005,
      "MAP@10": 0.6782496782496782,
      "MRR@10": 0.6782496782496782,
      "nDCG@10": 0.7552735132740006
    },
    "X-PageRerank (GAT)": {
      "Recall@1": 0.4864864864864865,
      "Recall_all@1": 0.4864864864864865,
      "P@1": 0.4864864864864865,
      "MAP@1": 0.4864864864864865,
      "Recall@5": 0.8378378378378378,
      "Recall_all@5": 0.8378378378378378,
      "P@5": 0.16756756756756763,
      "MAP@5": 0.6211711711711712,
      "Recall@10": 1.0,
      "Recall_all@10": 1.0,
      "P@10": 0.10000000000000005,
      "MAP@10": 0.6441763191763191,
      "MRR@10": 0.644176319176319,
      "nDCG@10": 0.7292460278885888
    }
  },
  "support_pages": {
    "ColPali (stage-1)": {
      "Coverage@1": 0.1891891891891892,
      "AllSupportHit@1": NaN,
      "SupportF1@1": 0.1891891891891892,
      "SupportP@1": 0.1891891891891892,
      "SupportR@1": 0.1891891891891892,
      "Coverage@5": 0.6486486486486487,
      "AllSupportHit@5": NaN,
      "SupportF1@5": 0.3378378378378378,
      "SupportP@5": 0.24684684684684688,
      "SupportR@5": 0.6486486486486487,
      "Coverage@10": 1.0,
      "AllSupportHit@10": NaN,
      "SupportF1@10": 0.36486486486486475,
      "SupportP@10": 0.2576576576576576,
      "SupportR@10": 1.0
    },
    "ColPali + MLP reranker": {
      "Coverage@1": 0.1891891891891892,
      "AllSupportHit@1": NaN,
      "SupportF1@1": 0.1891891891891892,
      "SupportP@1": 0.1891891891891892,
      "SupportR@1": 0.1891891891891892,
      "Coverage@5": 0.8918918918918919,
      "AllSupportHit@5": NaN,
      "SupportF1@5": 0.41891891891891897,
      "SupportP@5": 0.2954954954954957,
      "SupportR@5": 0.8918918918918919,
      "Coverage@10": 1.0,
      "AllSupportHit@10": NaN,
      "SupportF1@10": 0.36486486486486475,
      "SupportP@10": 0.2576576576576576,
      "SupportR@10": 1.0
    },
    "X-PageRerank (ablation: no graph)": {
      "Coverage@1": 0.5405405405405406,
      "AllSupportHit@1": NaN,
      "SupportF1@1": 0.5405405405405406,
      "SupportP@1": 0.5405405405405406,
      "SupportR@1": 0.5405405405405406,
      "Coverage@5": 0.8918918918918919,
      "AllSupportHit@5": NaN,
      "SupportF1@5": 0.41891891891891897,
      "SupportP@5": 0.29549549549549564,
      "SupportR@5": 0.8918918918918919,
      "Coverage@10": 1.0,
      "AllSupportHit@10": NaN,
      "SupportF1@10": 0.36486486486486475,
      "SupportP@10": 0.2576576576576576,
      "SupportR@10": 1.0
    },
    "X-PageRerank (GAT)": {
      "Coverage@1": 0.4864864864864865,
      "AllSupportHit@1": NaN,
      "SupportF1@1": 0.4864864864864865,
      "SupportP@1": 0.4864864864864865,
      "SupportR@1": 0.4864864864864865,
      "Coverage@5": 0.8378378378378378,
      "AllSupportHit@5": NaN,
      "SupportF1@5": 0.40090090090090097,
      "SupportP@5": 0.28468468468468483,
      "SupportR@5": 0.8378378378378378,
      "Coverage@10": 1.0,
      "AllSupportHit@10": NaN,
      "SupportF1@10": 0.36486486486486475,
      "SupportP@10": 0.2576576576576576,
      "SupportR@10": 1.0
    }
  }
}