{
  "retrieval": {
    "ColPali (stage-1)": {
      "Recall@1": 0.358974358974359,
      "Recall_all@1": 0.358974358974359,
      "P@1": 0.358974358974359,
      "MAP@1": 0.358974358974359,
      "Recall@5": 0.8717948717948718,
      "Recall_all@5": 0.8717948717948718,
      "P@5": 0.17435897435897416,
      "MAP@5": 0.5677350427350427,
      "Recall@10": 1.0,
      "Recall_all@10": 1.0,
      "P@10": 0.09999999999999985,
      "MAP@10": 0.583984533984534,
      "MRR@10": 0.5839845339845342,
      "nDCG@10": 0.6852483317559434
    },
    "ColPali + MLP reranker": {
      "Recall@1": 0.46153846153846156,
      "Recall_all@1": 0.46153846153846156,
      "P@1": 0.46153846153846156,
      "MAP@1": 0.46153846153846156,
      "Recall@5": 0.9230769230769231,
      "Recall_all@5": 0.9230769230769231,
      "P@5": 0.18461538461538438,
      "MAP@5": 0.6337606837606837,
      "Recall@10": 1.0,
      "Recall_all@10": 1.0,
      "P@10": 0.09999999999999985,
      "MAP@10": 0.645436507936508,
      "MRR@10": 0.6454365079365079,
      "nDCG@10": 0.7323162858287063
    },
    "X-PageRerank (ablation: no graph)": {
      "Recall@1": 0.5769230769230769,
      "Recall_all@1": 0.5769230769230769,
      "P@1": 0.5769230769230769,
      "MAP@1": 0.5769230769230769,
      "Recall@5": 0.9358974358974359,
      "Recall_all@5": 0.9358974358974359,
      "P@5": 0.18717948717948693,
      "MAP@5": 0.7247863247863248,
      "Recall@10": 1.0,
      "Recall_all@10": 1.0,
      "P@10": 0.09999999999999985,
      "MAP@10": 0.7322089947089947,
      "MRR@10": 0.732208994708995,
      "nDCG@10": 0.7979501292996413
    },
    "X-PageRerank (GAT)": {
      "Recall@1": 0.5897435897435898,
      "Recall_all@1": 0.5897435897435898,
      "P@1": 0.5897435897435898,
      "MAP@1": 0.5897435897435898,
      "Recall@5": 0.9358974358974359,
      "Recall_all@5": 0.9358974358974359,
      "P@5": 0.18717948717948693,
      "MAP@5": 0.7301282051282052,
      "Recall@10": 1.0,
      "Recall_all@10": 1.0,
      "P@10": 0.09999999999999985,
      "MAP@10": 0.7377136752136751,
      "MRR@10": 0.7377136752136753,
      "nDCG@10": 0.801735016842808
    }
  },
  "support_pages": {
    "ColPali (stage-1)": {
      "Coverage@1": 0.358974358974359,
      "AllSupportHit@1": NaN,
      "SupportF1@1": 0.358974358974359,
      "SupportP@1": 0.358974358974359,
      "SupportR@1": 0.358974358974359,
      "Coverage@5": 0.8717948717948718,
      "AllSupportHit@5": NaN,
      "SupportF1@5": 0.5072649572649569,
      "SupportP@5": 0.40235042735042725,
      "SupportR@5": 0.8717948717948718,
      "Coverage@10": 1.0,
      "AllSupportHit@10": NaN,
      "SupportF1@10": 0.521264846264846,
      "SupportP@10": 0.40876068376068375,
      "SupportR@10": 1.0
    },
    "ColPali + MLP reranker": {
      "Coverage@1": 0.46153846153846156,
      "AllSupportHit@1": NaN,
      "SupportF1@1": 0.46153846153846156,
      "SupportP@1": 0.46153846153846156,
      "SupportR@1": 0.46153846153846156,
      "Coverage@5": 0.9230769230769231,
      "AllSupportHit@5": NaN,
      "SupportF1@5": 0.524358974358974,
      "SupportP@5": 0.4126068376068375,
      "SupportR@5": 0.9230769230769231,
      "Coverage@10": 1.0,
      "AllSupportHit@10": NaN,
      "SupportF1@10": 0.521264846264846,
      "SupportP@10": 0.40876068376068375,
      "SupportR@10": 1.0
    },
    "X-PageRerank (ablation: no graph)": {
      "Coverage@1": 0.5769230769230769,
      "AllSupportHit@1": NaN,
      "SupportF1@1": 0.5769230769230769,
      "SupportP@1": 0.5769230769230769,
      "SupportR@1": 0.5769230769230769,
      "Coverage@5": 0.9358974358974359,
      "AllSupportHit@5": NaN,
      "SupportF1@5": 0.5286324786324784,
      "SupportP@5": 0.4151709401709401,
      "SupportR@5": 0.9358974358974359,
      "Coverage@10": 1.0,
      "AllSupportHit@10": NaN,
      "SupportF1@10": 0.521264846264846,
      "SupportP@10": 0.40876068376068375,
      "SupportR@10": 1.0
    },
    "X-PageRerank (GAT)": {
      "Coverage@1": 0.5897435897435898,
      "AllSupportHit@1": NaN,
      "SupportF1@1": 0.5897435897435898,
      "SupportP@1": 0.5897435897435898,
      "SupportR@1": 0.5897435897435898,
      "Coverage@5": 0.9358974358974359,
      "AllSupportHit@5": NaN,
      "SupportF1@5": 0.5286324786324784,
      "SupportP@5": 0.4151709401709401,
      "SupportR@5": 0.9358974358974359,
      "Coverage@10": 1.0,
      "AllSupportHit@10": NaN,
      "SupportF1@10": 0.521264846264846,
      "SupportP@10": 0.40876068376068375,
      "SupportR@10": 1.0
    }
  }
}